flight_id,origin,destination,departure_date,base_fare,capacity,seats_remaining,demand_factor,seasonal_factor
PA1001,YYZ,YVR,2026-09-17,300,180,18,1.20,1.00
PA1002,YYZ,YVR,2026-09-23,300,180,90,1.20,1.00
PA1003,YYZ,YVR,2026-10-07,300,180,144,1.20,1.00
PA1004,YYZ,YVR,2026-10-08,300,180,144,1.20,1.00
PA1005,YVR,YYZ,2026-09-18,300,180,1,1.20,1.00
PA1006,YYZ,YUL,2026-09-19,150,120,60,1.00,1.00
PA1007,YYZ,YUL,2026-09-20,150,120,0,1.00,1.00
PA1008,YUL,YYZ,2026-09-24,150,120,120,1.00,1.00
PA1009,YYZ,YYC,2026-09-25,250,160,16,1.10,1.00
PA1010,YYC,YYZ,2026-09-26,250,160,80,1.10,1.00
PA1011,YYZ,YOW,2026-09-30,120,100,85,0.85,1.00
PA1012,YOW,YYZ,2026-10-01,120,100,20,0.85,1.00
PA1013,YYZ,YHZ,2026-10-03,220,140,70,0.95,1.00
PA1014,YHZ,YYZ,2026-10-04,220,140,7,0.95,1.00
PA1015,YVR,YYC,2026-10-10,180,120,96,0.90,1.00
PA1016,YYC,YVR,2026-10-17,180,120,36,0.90,1.00
PA1017,YYZ,YVR,2026-12-20,300,180,90,1.20,1.30
PA1018,YYZ,YUL,2026-12-23,150,120,24,1.00,1.30
PA1019,YVR,YYZ,2027-01-15,300,180,144,1.20,0.90
PA1020,YUL,YYZ,2027-01-16,150,120,96,1.00,0.90
